-- Inserindo 10 linhas na tabela 'convenio'
INSERT INTO convenio (id, nome) VALUES
(11, 'Unimed'),
(12, 'Sulamerica'),
(13, 'Bradesco'),
(14, 'Amil'),
(15, 'Golden Cross'),
(16, 'Porto Seguro'),
(17, 'Santander'),
(18, 'Itau'),
(19, 'Caixa'),
(20, 'Mediservice');

-- Inserindo 10 linhas na tabela 'paciente'
INSERT INTO paciente (cpf, nome, data_nascimento, sexo,convenio_id) VALUES
(12345675935, 'Lucas', '1990-01-01', 'H', 11),
(23456785935, 'Guiliano', '1985-02-15', 'H', 12),
(34567895935, 'João Pedro', '1992-05-20', 'H', 13),
(45678905935, 'Thais', '1988-07-10', 'M', 14),
(56789015935, 'Luiz Felipe', '1995-09-30', 'H', 15),
(67890125935, 'Sara', '1980-11-05', 'M', 16),
(78901235935, 'Luis Eduardo', '1983-04-18', 'H', 17),
(89012345935, 'Pablynne', '1998-08-25', 'M', 18),
(90123455935, 'Jonathan', '1993-12-12', 'H', 19),
(12345095935, 'Debora', '1987-03-08', 'M', 20);

-- Inserindo 10 linhas na tabela 'endereco'
INSERT INTO endereco (rua, paciente_cpf, cidade, numero, cep) VALUES
('Rua1', 12345675935, 'Anapolis', 100, 12345),
('Rua2', 23456785935, 'Goiania', 200, 23456),
('Rua3', 34567895935, 'Anapolis', 300, 34567),
('Rua4', 45678905935, 'Anapolis', 400, 45678),
('Rua5', 56789015935, 'São Paulo', 500, 56789),
('Rua6', 67890125935, 'Tokyo', 600, 67890),
('Rua7', 78901235935, 'Curitiba', 700, 78901),
('Rua8', 89012345935, 'Brasilia', 800, 89012),
('Rua9', 90123455935, 'Goiania', 900, 90123),
('Rua10', 12345095935, 'São Paulo', 1000, 54321);

-- Inserir 10 linhas na tabela 'especialidade'
INSERT INTO especialidade (id, nome) VALUES
(11, 'Odonto'),
(12, 'Pediatra'),
(13, 'Clinico Geral'),
(14, 'Cardiologista'),
(15, 'Neurologista'),
(16, 'Oftalmologista'),
(17, 'Ortopedista'),
(18, 'Psiquiatra'),
(19, 'Ginecologista'),
(20, 'Dermatologista');

-- Inserir 10 linhas na tabela 'medico'
INSERT INTO medico (crm, nome) VALUES
(110, 'Jusefferson'),
(221, 'Tatiara'),
(331, 'Toshio'),
(441, 'Nakama'),
(551, 'Kakashi'),
(661, 'Sasuke'),
(771, 'Naruto'),
(881, 'Sakura'),
(991, 'Kiba'),
(1001, 'Hinata');

-- Inserir 10 linhas na tabela 'medico_esp'
INSERT INTO medico_esp (medico_crm, especialidade_id) VALUES
(110, 11),
(221, 12),
(331, 13),
(441, 14),
(551, 15),
(661, 16),
(771, 17),
(881, 18),
(991, 19),
(1001, 20);

-- Inserir 10 linhas na tabela 'convenio_pac'
INSERT INTO convenio_pac (paciente_cpf, convenio_id) VALUES
(12345675935, 11),
(23456785935, 12),
(34567895935, 13),
(45678905935, 14),
(56789015935, 15),
(67890125935, 16),
(78901235935, 17),
(89012345935, 18),
(90123455935, 19),
(12345095935, 20);

-- Inserir 10 linhas na tabela 'convenio_med'
INSERT INTO convenio_med (convenio_id, especialidade_id, medico_crm) VALUES
(11, 11, 110),
(12, 12, 221),
(13, 13, 331),
(14, 14, 441),
(15, 15, 551),
(16, 16, 661),
(17, 17, 771),
(18, 18, 881),
(19, 19, 991),
(20, 20, 1001);

-- Inserir 10 linhas na tabela 'consulta'
INSERT INTO consulta (data_consulta, especialidade_id, convenio_id, paciente_cpf, medico_crm, valor) VALUES
('2023-01-01 15:00:00', 11, 11, 12345675935, 110, 800.0),
('2023-01-02 15:00:00', 12, 12, 23456785935, 221, 800.0),
('2023-01-03 15:00:00', 13, 13, 34567895935, 331, 800.0),
('2023-01-04 15:00:00', 14, 14, 45678905935, 441, 800.0),
('2023-01-05 15:00:00', 15, 15, 56789015935, 551, 800.0),
('2023-01-06 15:00:00', 16, 16, 67890125935, 661, 800.0),
('2023-01-07 15:00:00', 17, 17, 78901235935, 771, 800.0),
('2023-01-08 15:00:00', 18, 18, 89012345935, 881, 800.0),
('2023-01-09 15:00:00', 19, 19, 90123455935, 991, 800.0),
('2023-01-10 15:00:00', 20, 20, 12345095935, 1001, 800.0);

-- Inserir 10 linhas na tabela 'exame'
INSERT INTO exame (id, nome) VALUES
(11, 'Raio-x'),
(12, 'Tomografia'),
(13, 'Ressonancia'),
(14, 'Ultrassom'),
(15, 'Eletrocardiograma'),
(16, 'Eletroencefalograma'),
(17, 'Endoscopia'),
(18, 'Colonoscopia'),
(19, 'Broncoscopia'),
(20, 'Hemograma');

-- Inserir 10 linhas na tabela 'medicamento'
INSERT INTO medicamento (id, nome) VALUES
(11, 'dipirona'),
(12, 'paracetamol'),
(13, 'dorflex'),
(14, 'doril'),
(15, 'tylenol'),
(16, 'dorilax'),
(17, 'dorflex'),
(18, 'doril'),
(19, 'tylenol'),
(20, 'dorilax');

-- Inserir 10 linhas na tabela 'quarto'
INSERT INTO quarto (numero) VALUES
(11),
(12),
(13),
(14),
(15),
(16),
(17),
(18),
(19),
(20);

-- Inserir 10 linhas na tabela 'internacao'
INSERT INTO internacao (id, data_internacao, data_alta, data_consulta, especialidade_id, convenio_id, paciente_cpf, medico_crm, quarto_numero, valor) VALUES
(11, '2023-01-01 15:00:00', '2023-01-05 15:00:00', '2023-01-01 15:00:00', 11, 11, 12345675935, 110, 11, 1500.0),
(12, '2023-01-02 15:00:00', '2023-01-06 15:00:00', '2023-01-02 15:00:00', 12, 12, 23456785935, 221, 12, 1500.0),
(13, '2023-01-03 15:00:00', '2023-01-07 15:00:00', '2023-01-03 15:00:00', 13, 13, 34567895935, 331, 13, 1500.0),
(14, '2023-01-04 15:00:00', '2023-01-08 15:00:00', '2023-01-04 15:00:00', 14, 14, 45678905935, 441, 14, 1500.0),
(15, '2023-01-05 15:00:00', '2023-01-09 15:00:00', '2023-01-05 15:00:00', 15, 15, 56789015935, 551, 15, 1500.0),
(16, '2023-01-06 15:00:00', '2023-01-10 15:00:00', '2023-01-06 15:00:00', 16, 16, 67890125935, 661, 16, 1500.0),
(17, '2023-01-07 15:00:00', '2023-01-01 15:00:00', '2023-01-07 15:00:00', 17, 17, 78901235935, 771, 17, 1500.0),
(18, '2023-01-08 15:00:00', '2023-01-02 15:00:00', '2023-01-08 15:00:00', 18, 18, 89012345935, 881, 18, 1500.0),
(19, '2023-01-09 15:00:00', '2023-01-03 15:00:00', '2023-01-09 15:00:00', 19, 19, 90123455935, 991, 19, 1500.0),
(20, '2023-01-10 15:00:00', '2023-01-04 15:00:00', '2023-01-10 15:00:00', 20, 20, 12345095935, 1001, 20, 1500.0);

-- Inserir 10 linhas na tabela 'consulta_exa'
INSERT INTO consulta_exa (data_consulta, paciente_cpf, convenio_id, especialidade_id, medico_crm, exame_id, id, data_agenda, data_realizacao, resultado, valor) VALUES
('2023-01-01 15:00:00', 12345675935, 11, 11, 110, 11, 11, '2023-01-02 15:00:00', '2023-01-03 15:00:00', 'Vivinho', 300.0),
('2023-01-02 15:00:00', 23456785935, 12, 12, 221, 12, 12, '2023-01-03 15:00:00', '2023-01-04 15:00:00', 'Burnout', 300.0),
('2023-01-03 15:00:00', 34567895935, 13, 13, 331, 13, 13, '2023-01-04 15:00:00', '2023-01-05 15:00:00', 'Viveu', 300.0),
('2023-01-04 15:00:00', 45678905935, 14, 14, 441, 14, 14, '2023-01-05 15:00:00', '2023-01-06 15:00:00', 'Morrera', 300.0),
('2023-01-05 15:00:00', 56789015935, 15, 15, 551, 15, 15, '2023-01-06 15:00:00', '2023-01-07 15:00:00', 'Vai viver', 300.0),
('2023-01-06 15:00:00', 67890125935, 16, 16, 661, 16, 16, '2023-01-07 15:00:00', '2023-01-08 15:00:00', 'Morreu', 300.0),
('2023-01-07 15:00:00', 78901235935, 17, 17, 771, 17, 17, '2023-01-08 15:00:00', '2023-01-09 15:00:00', 'Viveu', 300.0),
('2023-01-08 15:00:00', 89012345935, 18, 18, 881, 18, 18, '2023-01-09 15:00:00', null, null, 300.0),
('2023-01-09 15:00:00', 90123455935, 19, 19, 991, 19, 19, '2023-01-10 15:00:00', null, null, 300.0),
('2023-01-10 15:00:00', 12345095935, 20, 20, 1001, 20, 20, '2023-01-11 15:00:00', '2023-01-12 15:00:00', null, 300.0);

-- Inserindo 10 linhas na tabela 'consulta_medic'
INSERT INTO consulta_medic (data_consulta, paciente_cpf, convenio_id, especialidade_id, medico_crm, medicamento_id, data_prescricao) VALUES
('2023-01-01 15:00:00', 12345675935, 11, 11, 110, 11, '2023-01-02 15:00:00'),
('2023-01-02 15:00:00', 23456785935, 12, 12, 221, 12, '2023-01-03 15:00:00'),
('2023-01-03 15:00:00', 34567895935, 13, 13, 331, 13, '2023-01-04 15:00:00'),
('2023-01-04 15:00:00', 45678905935, 14, 14, 441, 14, '2023-01-05 15:00:00'),
('2023-01-05 15:00:00', 56789015935, 15, 15, 551, 15, '2023-01-06 15:00:00'),
('2023-01-06 15:00:00', 67890125935, 16, 16, 661, 16, '2023-01-07 15:00:00'),
('2023-01-07 15:00:00', 78901235935, 17, 17, 771, 17, '2023-01-08 15:00:00'),
('2023-01-08 15:00:00', 89012345935, 18, 18, 881, 18, '2023-01-09 15:00:00'),
('2023-01-09 15:00:00', 90123455935, 19, 19, 991, 19, '2023-01-10 15:00:00'),
('2023-01-10 15:00:00', 12345095935, 20, 20, 1001, 20, '2023-01-11 15:00:00');

-- Inserindo 10 linhas na tabela 'internacao_exa'
INSERT INTO internacao_exa (internacao_id, exame_id, id, data_agenda, data_realizacao, resultado, valor) VALUES
(11, 11, 11, '2023-01-01 15:00:00', null, null, 300.0),
(12, 12, 12, '2023-01-02 15:00:00', '2023-01-03 15:00:00', 'Burnout', 300.0),
(13, 13, 13, '2023-01-03 15:00:00', '2023-01-04 15:00:00', null, 300.0),
(14, 14, 14, '2023-01-04 15:00:00', '2023-01-05 15:00:00', 'Viveu', 300.0),
(15, 15, 15, '2023-01-05 15:00:00', null, null, 300.0),
(16, 16, 16, '2023-01-06 15:00:00', '2023-01-07 15:00:00', 'Morreu', 300.0),
(17, 17, 17, '2023-01-07 15:00:00', '2023-01-08 15:00:00', null, 300.0),
(18, 18, 18, '2023-01-08 15:00:00', '2023-01-09 15:00:00', 'Viveu', 300.0),
(19, 19, 19, '2023-01-09 15:00:00', null, null, 300.0),
(20, 20, 20, '2023-01-10 15:00:00', '2023-01-11 15:00:00', 'Morreu', 300.0);

-- Inserindo 10 linhas na tabela 'internacao_medic'
INSERT INTO internacao_medic (internacao_id, medicamento_id, id, data_aplicacao) VALUES
(11, 11, 11, '2023-01-01 15:00:00'),
(12, 12, 12, '2023-01-02 15:00:00'),
(13, 13, 13, '2023-01-03 15:00:00'),
(14, 14, 14, '2023-01-04 15:00:00'),
(15, 15, 15, '2023-01-05 15:00:00'),
(16, 16, 16, '2023-01-06 15:00:00'),
(17, 17, 17, '2023-01-07 15:00:00'),
(18, 18, 18, '2023-01-08 15:00:00'),
(19, 19, 19, '2023-01-09 15:00:00'),
(20, 20, 20, '2023-01-10 15:00:00');

